{"interfaceLanguages":{"swift":[{"children":[{"title":"Protocols","type":"groupMarker"},{"children":[{"title":"Instance Methods","type":"groupMarker"},{"path":"\/documentation\/loggerlibrary\/logger\/debug(_:_:)","title":"func debug(LoggerDomain, () -> String)","type":"method"},{"path":"\/documentation\/loggerlibrary\/logger\/error(_:_:)","title":"func error(LoggerDomain, () -> String)","type":"method"},{"path":"\/documentation\/loggerlibrary\/logger\/info(_:_:)","title":"func info(LoggerDomain, () -> String)","type":"method"},{"path":"\/documentation\/loggerlibrary\/logger\/log(_:_:_:)","title":"func log(LoggerLevel, LoggerDomain, () -> String)","type":"method"},{"path":"\/documentation\/loggerlibrary\/logger\/resetlevels()","title":"func resetLevels()","type":"method"},{"path":"\/documentation\/loggerlibrary\/logger\/set(level:for:)","title":"func set(level: LoggerLevel, for: LoggerDomain?)","type":"method"},{"path":"\/documentation\/loggerlibrary\/logger\/verbose(_:_:)","title":"func verbose(LoggerDomain, () -> String)","type":"method"},{"path":"\/documentation\/loggerlibrary\/logger\/warning(_:_:)","title":"func warning(LoggerDomain, () -> String)","type":"method"}],"path":"\/documentation\/loggerlibrary\/logger","title":"Logger","type":"protocol"},{"title":"Structures","type":"groupMarker"},{"children":[{"title":"Initializers","type":"groupMarker"},{"path":"\/documentation\/loggerlibrary\/loggerdomain\/init(_:)","title":"init(String)","type":"init"},{"path":"\/documentation\/loggerlibrary\/loggerdomain\/init(stringliteral:)","title":"init(stringLiteral: String)","type":"init"},{"title":"Instance Properties","type":"groupMarker"},{"path":"\/documentation\/loggerlibrary\/loggerdomain\/description","title":"let description: String","type":"property"},{"title":"Default Implementations","type":"groupMarker"},{"children":[{"title":"Operators","type":"groupMarker"},{"path":"\/documentation\/loggerlibrary\/loggerdomain\/!=(_:_:)","title":"static func != (Self, Self) -> Bool","type":"op"}],"path":"\/documentation\/loggerlibrary\/loggerdomain\/equatable-implementations","title":"Equatable Implementations","type":"symbol"},{"children":[{"title":"Initializers","type":"groupMarker"},{"path":"\/documentation\/loggerlibrary\/loggerdomain\/init(extendedgraphemeclusterliteral:)","title":"init(extendedGraphemeClusterLiteral: Self.StringLiteralType)","type":"init"}],"path":"\/documentation\/loggerlibrary\/loggerdomain\/expressiblebyextendedgraphemeclusterliteral-implementations","title":"ExpressibleByExtendedGraphemeClusterLiteral Implementations","type":"symbol"},{"children":[{"title":"Initializers","type":"groupMarker"},{"path":"\/documentation\/loggerlibrary\/loggerdomain\/init(unicodescalarliteral:)","title":"init(unicodeScalarLiteral: Self.ExtendedGraphemeClusterLiteralType)","type":"init"}],"path":"\/documentation\/loggerlibrary\/loggerdomain\/expressiblebyunicodescalarliteral-implementations","title":"ExpressibleByUnicodeScalarLiteral Implementations","type":"symbol"}],"path":"\/documentation\/loggerlibrary\/loggerdomain","title":"LoggerDomain","type":"struct"},{"title":"Enumerations","type":"groupMarker"},{"children":[{"title":"Enumeration Cases","type":"groupMarker"},{"path":"\/documentation\/loggerlibrary\/loggerlevel\/debug","title":"case debug","type":"case"},{"path":"\/documentation\/loggerlibrary\/loggerlevel\/disabled","title":"case disabled","type":"case"},{"path":"\/documentation\/loggerlibrary\/loggerlevel\/error","title":"case error","type":"case"},{"path":"\/documentation\/loggerlibrary\/loggerlevel\/info","title":"case info","type":"case"},{"path":"\/documentation\/loggerlibrary\/loggerlevel\/verbose","title":"case verbose","type":"case"},{"path":"\/documentation\/loggerlibrary\/loggerlevel\/warning","title":"case warning","type":"case"},{"title":"Initializers","type":"groupMarker"},{"path":"\/documentation\/loggerlibrary\/loggerlevel\/init(rawvalue:)","title":"init?(rawValue: Int)","type":"init"},{"title":"Type Properties","type":"groupMarker"},{"path":"\/documentation\/loggerlibrary\/loggerlevel\/defaultlevel","title":"static let defaultLevel: LoggerLevel","type":"property"},{"title":"Default Implementations","type":"groupMarker"},{"children":[{"title":"Operators","type":"groupMarker"},{"path":"\/documentation\/loggerlibrary\/loggerlevel\/'...(_:)-7ijxm","title":"static func ... (Self) -> PartialRangeFrom<Self>","type":"op"},{"path":"\/documentation\/loggerlibrary\/loggerlevel\/'...(_:)-8wtbc","title":"static func ... (Self) -> PartialRangeThrough<Self>","type":"op"},{"path":"\/documentation\/loggerlibrary\/loggerlevel\/'...(_:_:)","title":"static func ... (Self, Self) -> ClosedRange<Self>","type":"op"},{"path":"\/documentation\/loggerlibrary\/loggerlevel\/'.._(_:)","title":"static func ..< (Self) -> PartialRangeUpTo<Self>","type":"op"},{"path":"\/documentation\/loggerlibrary\/loggerlevel\/'.._(_:_:)","title":"static func ..< (Self, Self) -> Range<Self>","type":"op"},{"path":"\/documentation\/loggerlibrary\/loggerlevel\/_(_:_:)-4g22u","title":"static func < (LoggerLevel, LoggerLevel) -> Bool","type":"op"},{"path":"\/documentation\/loggerlibrary\/loggerlevel\/_(_:_:)-p8i5","title":"static func > (Self, Self) -> Bool","type":"op"},{"path":"\/documentation\/loggerlibrary\/loggerlevel\/_=(_:_:)-2029z","title":"static func <= (Self, Self) -> Bool","type":"op"},{"path":"\/documentation\/loggerlibrary\/loggerlevel\/_=(_:_:)-9ogf2","title":"static func >= (Self, Self) -> Bool","type":"op"}],"path":"\/documentation\/loggerlibrary\/loggerlevel\/comparable-implementations","title":"Comparable Implementations","type":"symbol"},{"children":[{"title":"Instance Properties","type":"groupMarker"},{"path":"\/documentation\/loggerlibrary\/loggerlevel\/description","title":"var description: String","type":"property"}],"path":"\/documentation\/loggerlibrary\/loggerlevel\/customstringconvertible-implementations","title":"CustomStringConvertible Implementations","type":"symbol"},{"children":[{"title":"Operators","type":"groupMarker"},{"path":"\/documentation\/loggerlibrary\/loggerlevel\/!=(_:_:)","title":"static func != (Self, Self) -> Bool","type":"op"}],"path":"\/documentation\/loggerlibrary\/loggerlevel\/equatable-implementations","title":"Equatable Implementations","type":"symbol"},{"children":[{"title":"Instance Properties","type":"groupMarker"},{"path":"\/documentation\/loggerlibrary\/loggerlevel\/hashvalue","title":"var hashValue: Int","type":"property"},{"title":"Instance Methods","type":"groupMarker"},{"path":"\/documentation\/loggerlibrary\/loggerlevel\/hash(into:)","title":"func hash(into: inout Hasher)","type":"method"}],"path":"\/documentation\/loggerlibrary\/loggerlevel\/rawrepresentable-implementations","title":"RawRepresentable Implementations","type":"symbol"}],"path":"\/documentation\/loggerlibrary\/loggerlevel","title":"LoggerLevel","type":"enum"}],"path":"\/documentation\/loggerlibrary","title":"LoggerLibrary","type":"module"}]},"schemaVersion":{"major":0,"minor":1,"patch":1}}